First Name,Last Name,Address,City,State,Zip code,Country,Valid
Will,Smith,45 Main St.,Yonkers,NY,10701,USA,N/A
Ben,Doe,69 Young St.,Mount Juliet,TN,37122,USA,N/A
Brad,Fields,8430 Lake Ln.,Phoenixville,PA,19460,USA,N/A
John,Baldwin,67 Snake Hill Dr.,Dallas,GA,30132,USA,N/A
Mark,Newton,241 N. Victoria Ave.,Dorchester center,MA,02124,USA,N/A
Derek,Parker,731 Brickyard St.,Worcester,MA,01604,USA,N/A
Michael,Stoken,9115 Sycamore Cir.,Portage,IN,46368,USA,N/A
Joseph,Tanner,231 Kent Dr.,Cincinnati,OH,45211,USA,N/A
Neil,Spencer,9125 Hudson St.,Orange Park,FL,32065,USA,N/A
Ross,Pitt,622 Bayberry Rd.,Tuscaloosa,AL,35405,USA,N/A
Jude,Bauer,80 White Ave.,Riverview,FL,33569,USA,N/A
Zack,Burton,57 Young Dr.,Cary,NC,27511,USA,N/A
Matthew,Henderson,659 South Country Club St.,Stone mountain,GA,30083,USA,N/A
